objrent=[];
objrent(1)=72.4523809524;
objrent(2)=72.2023809524;
objrent(3)=72.9285714286;
objrent(4)=75.369047619;
objrent(5)=76.7261904762;
objrent(6)=78.1666666667;
objrent(7)=79.3214285714;
objrent(8)=81.1428571429;
objrent(9)=82.7380952381;