##rents macro data, obj for simplex algorithm
72.4523809524
72.2023809524
72.9285714286
75.369047619
76.7261904762
78.1666666667
79.3214285714
81.1428571429
82.7380952381