obj=[];
obj(1)=72.4523809524;
obj(2)=72.2023809524;
obj(3)=72.9285714286;
obj(4)=75.369047619;
obj(5)=76.7261904762;
obj(6)=78.1666666667;
obj(7)=79.3214285714;
obj(8)=81.1428571429;
//obj(9)=82.7380952381;